name,slug,address,location_id,court_count,surface_type,is_free,has_lights,has_restrooms,has_parking,nets_provided,latitude,longitude,description
Gulf Place Public Beach,gulf-place-public-beach-gulf-shores,"101 E Beach Blvd, Gulf Shores, AL 36542",al_gulf,4,sand,true,false,true,true,true,30.2460,-87.7008,"Gulf Shores' main public beach and home of the NCAA Beach Volleyball Championship. Features sand courts on the west side of the beach with pavilions and showers."
Alabama Gulf Coast Sports Center,alabama-gulf-coast-sports-center-gulf-shores,"19025 Oak Rd W, Gulf Shores, AL 36542",al_gulf,7,sand,false,true,true,true,true,30.2780,-87.7070,"A 38000 sq ft multipurpose sports facility at the Gulf Shores Sportsplex featuring 7 lighted outdoor sand volleyball courts."
Orange Beach Sportsplex,orange-beach-sportsplex-orange-beach,"4385 William Silvers Pkwy, Orange Beach, AL 36561",al_gulf,3,sand,true,false,true,true,true,30.2830,-87.5730,"Public sportsplex with a 3-court sand volleyball area and concession stands."
Flora-Bama Beach Volleyball,flora-bama-beach-volleyball-perdido-key,"17401 Perdido Key Dr, Perdido Key, FL 32507",al_gulf,3,sand,true,false,false,true,false,30.2810,-87.4470,"Beach volleyball courts adjacent to the world-famous Flora-Bama Lounge on the Alabama-Florida state line. Popular for casual games with live music nearby."
Beach House Volleyball,beach-house-volleyball-peoria,"16083 N 75th Ave, Peoria, AZ 85382",az_phoenix,6,indoor_sand,false,true,true,true,true,33.6428,-112.2271,"Arizona's first indoor air-conditioned beach volleyball facility with six professional sand courts plus a bar and grill."
Gene Autry Park Sand Courts,gene-autry-park-mesa,"4125 E McKellips Rd, Mesa, AZ 85215",az_phoenix,4,sand,true,true,true,true,true,33.4537,-111.7895,"Four lighted sand volleyball courts at a major Mesa sports complex available by reservation. Home to The Sand Club leagues."
Chaparral Park,chaparral-park-scottsdale,"5401 N Hayden Rd, Scottsdale, AZ 85250",az_phoenix,2,sand,true,true,true,true,true,33.5060,-111.9048,"Popular 100-acre Scottsdale park with two sand volleyball courts near the Central Ramada area."
Arizona Athletic Grounds,arizona-athletic-grounds-mesa,"6321 S Ellsworth Rd, Mesa, AZ 85212",az_phoenix,12,sand,false,true,true,true,true,33.3520,-111.6310,"Massive 275-acre sports complex with 12 outdoor beach volleyball courts hosting leagues and tournaments year-round."
Sports Park Tucson,sports-park-tucson,"6901 N Casa Grande Hwy, Tucson, AZ 85743",az_tucson,4,sand,false,true,true,true,true,32.3324,-111.0640,"Four sand volleyball courts at a multi-sport complex offering 2v2 4v4 and 6v6 leagues in southern Arizona."
Tucson Racquet and Fitness Club,tucson-racquet-club-tucson,"4001 N Country Club Rd, Tucson, AZ 85716",az_tucson,3,sand,false,true,true,true,true,32.2590,-110.9590,"Private 15-acre club with three lighted sand volleyball courts and year-round adult co-ed beach volleyball leagues."
University of Arizona Sand Courts,uofa-sand-courts-tucson,"1400 E 6th St, Tucson, AZ 85721",az_tucson,4,sand,true,false,true,true,true,32.2295,-110.9507,"Four sand volleyball courts at the Student Recreation Center available for open rec and events."
Manhattan Beach Pier Courts,manhattan-beach-pier-courts-manhattan-beach,"Manhattan Beach Pier, Manhattan Beach, CA 90266",socal_la,6,sand,true,false,true,true,true,33.8847,-118.4109,"Iconic beach volleyball courts on the south side of Manhattan Beach Pier. Home to the legendary Manhattan Beach Open."
Marine Street Courts,marine-street-courts-manhattan-beach,"Marine St & 24th St, Manhattan Beach, CA 90266",socal_la,12,sand,true,false,true,true,true,33.8905,-118.4130,"Premier sand volleyball courts between 23rd and 25th Streets. The main pickup volleyball destination in Manhattan Beach."
Hermosa Beach Pier Courts,hermosa-beach-pier-courts-hermosa-beach,"Pier Ave & The Strand, Hermosa Beach, CA 90254",socal_la,23,sand,true,false,true,true,true,33.8622,-118.3993,"Twenty-three city-maintained courts near the Hermosa Beach Pier. A true mecca for beach volleyball hosting major professional tournaments."
El Segundo Beach Courts,el-segundo-beach-courts-el-segundo,"Grand Ave & Vista Del Mar, El Segundo, CA 90245",socal_la,4,sand,true,false,true,true,true,33.9117,-118.4215,"Quieter sand volleyball courts on El Segundo Beach offering a less crowded alternative to neighboring Manhattan Beach courts."
Venice Beach Volleyball Courts,venice-beach-volleyball-courts-venice,"2100 Ocean Front Walk, Venice, CA 90291",socal_la,4,sand,true,false,true,true,true,33.9850,-118.4730,"Sand volleyball courts on Venice Beach between Venice Blvd and Washington Blvd along the iconic boardwalk."
Santa Monica Beach Pier Courts,santa-monica-beach-pier-courts-santa-monica,"1560 Appian Way, Santa Monica, CA 90401",socal_la,4,sand,true,true,true,true,true,34.0082,-118.4985,"Four illuminated sand volleyball courts near the Santa Monica Pier. One of the few LA beaches offering lighted courts for evening play."
Sorrento Beach Courts,sorrento-beach-courts-santa-monica,"810 Pacific Coast Hwy, Santa Monica, CA 90403",socal_la,16,sand,true,false,true,true,true,34.0190,-118.5060,"Sixteen sand volleyball courts at Sorrento Beach in Santa Monica. Popular for leagues and casual play with stunning ocean views."
Will Rogers State Beach Courts,will-rogers-state-beach-courts-pacific-palisades,"17700 Pacific Coast Hwy, Pacific Palisades, CA 90272",socal_la,6,sand,true,false,true,true,true,34.0364,-118.5310,"Sand volleyball courts at Will Rogers State Beach with ample parking and beach amenities. Open 8 AM to sunset."
Huntington Beach Pier Courts,huntington-beach-pier-courts-huntington-beach,"Main St & Pacific Coast Hwy, Huntington Beach, CA 92648",socal_oc,19,sand,true,false,true,true,true,33.6553,-118.0050,"Approximately 19 nets near the iconic Huntington Beach Pier. A world-renowned surf and volleyball destination."
Huntington State Beach Courts,huntington-state-beach-courts-huntington-beach,"21601 Pacific Coast Hwy, Huntington Beach, CA 92646",socal_oc,6,sand,true,false,true,true,true,33.6310,-117.9730,"Sand volleyball courts at Huntington State Beach near Newland Street hosting VolleyOC youth tournaments and league play."
Corona del Mar State Beach Courts,corona-del-mar-state-beach-courts-newport-beach,"3001 Ocean Blvd, Corona del Mar, CA 92625",socal_oc,10,sand,true,false,true,true,true,33.5930,-117.8690,"Ten sand volleyball courts at Corona del Mar State Beach known for competitive play especially on the southern courts."
Newport Beach Balboa Pier Courts,newport-beach-balboa-pier-courts-newport-beach,"Adams St & Balboa Blvd, Newport Beach, CA 92663",socal_oc,6,sand,true,false,true,true,true,33.5960,-117.8960,"Sand volleyball courts north of the Balboa Pier along the Balboa Peninsula with nets near fire pits."
Laguna Beach Main Beach Courts,laguna-beach-main-beach-courts-laguna-beach,"Broadway & Coast Hwy, Laguna Beach, CA 92651",socal_oc,4,sand,true,false,true,true,true,33.5427,-117.7856,"Four sand volleyball courts at Main Beach Park. Home of the world's longest-running beach volleyball tournament the Laguna Open."
Seal Beach Volleyball Courts,seal-beach-volleyball-courts-seal-beach,"704 Ocean Ave, Seal Beach, CA 90740",socal_oc,4,sand,true,false,true,true,true,33.7410,-118.1060,"Sand volleyball courts near the Seal Beach Pier on a wide sandy beach with lifeguard towers and playground nearby."
Sacramento Softball Complex Courts,sacramento-softball-complex-courts-sacramento,"3450 Longview Dr, Sacramento, CA 95821",norcal_sac,4,sand,false,true,true,true,true,38.6230,-121.4030,"Four lighted sand volleyball courts at the Sacramento Softball Complex with leagues rentals and events."
Precision Sand Volleyball,precision-sand-volleyball-cameron-park,"2200 Country Club Dr, Cameron Park, CA 95682",norcal_sac,6,sand,false,true,true,true,true,38.6690,-120.9880,"Six outdoor sand courts in the Sacramento foothills offering training tournaments and league play."
Hornet Beach - Sacramento State,hornet-beach-sacramento-state,"6000 J St, Sacramento, CA 95819",norcal_sac,4,sand,false,true,true,true,true,38.5590,-121.4240,"Four-court sand volleyball facility at Sacramento State used for NCAA beach volleyball and community events."
South Mission Beach Volleyball Courts,south-mission-beach-volleyball-courts-san-diego,"2677 Ocean Front Walk, San Diego, CA 92109",socal_sd,14,sand,true,false,true,true,true,32.7590,-117.2530,"Fourteen George Stephanof volleyball courts at South Mission Beach. The epicenter of San Diego beach volleyball."
Ocean Beach Volleyball Courts,ocean-beach-volleyball-courts-san-diego,"5199 Brighton Ave, San Diego, CA 92107",socal_sd,7,sand,true,false,true,true,true,32.7480,-117.2500,"Seven public volleyball courts on Ocean Beach near the river mouth. Available first-come first-served from 8 AM to sunset."
Moonlight Beach Courts,moonlight-beach-courts-encinitas,"400 B St, Encinitas, CA 92024",socal_sd,3,sand,true,false,true,true,true,33.0460,-117.2970,"Three sand volleyball courts at the north end of Moonlight Beach. Home to an annual Mixed Doubles Tournament since 1964."
Coast Volleyball Club,coast-volleyball-club-san-diego,"11526 Sorrento Valley Rd Suite N, San Diego, CA 92121",socal_sd,3,indoor_sand,false,true,true,true,true,32.8980,-117.2190,"San Diego's largest volleyball-only facility with indoor sand courts in Sorrento Valley."
Bonita Cove Volleyball Courts,bonita-cove-volleyball-courts-san-diego,"1100 W Mission Bay Dr, San Diego, CA 92109",socal_sd,5,sand,true,false,true,true,true,32.7640,-117.2480,"Five sets of volleyball poles at Bonita Cove east of Belmont Park in Mission Beach."
Ocean Beach SF Volleyball Courts,ocean-beach-sf-volleyball-courts-san-francisco,"1001 Great Hwy, San Francisco, CA 94121",norcal_sf,4,sand,true,false,true,true,false,37.7694,-122.5110,"Sand volleyball courts at Ocean Beach near the Dutch Windmill managed by the Ocean Beach Volleyball community. Bring your own net."
Mission Creek Park Sand Court,mission-creek-park-sand-court-san-francisco,"401 Berry St, San Francisco, CA 94158",norcal_sf,1,sand,true,false,true,false,false,37.7720,-122.3920,"Single sand volleyball court in Mission Bay's Mission Creek Park open 6 AM to 10 PM."
West Sunset Playground Courts,west-sunset-playground-courts-san-francisco,"3223 Ortega St, San Francisco, CA 94122",norcal_sf,2,sand,true,false,true,false,false,37.7520,-122.4960,"Sand volleyball courts in the large West Sunset Playground park in the Outer Sunset neighborhood."
Baker Beach Volleyball Court,baker-beach-volleyball-court-san-francisco,"1504 Pershing Dr, San Francisco, CA 94129",norcal_sf,1,sand,true,false,true,true,false,37.7930,-122.4830,"Sand volleyball court on Baker Beach with stunning Golden Gate Bridge views. Bring your own net."
East Beach Volleyball Courts,east-beach-volleyball-courts-santa-barbara,"E Cabrillo Blvd, Santa Barbara, CA 93103",central_sb,20,sand,true,false,true,true,true,34.4090,-119.6820,"World-famous sand volleyball courts at East Beach with 20-30 courts depending on season. Hosts numerous annual tournaments."
Goleta Beach Park Courts,goleta-beach-park-courts-goleta,"5986 Sandspit Rd, Goleta, CA 93117",central_sb,3,sand,true,false,true,true,true,34.4130,-119.8290,"Sand volleyball courts at Goleta Beach County Park near UCSB campus with picnic areas and pier access."
UCSB Rec Center Sand Courts,ucsb-rec-center-sand-courts-goleta,"UCSB Recreation Center, Santa Barbara, CA 93106",central_sb,2,sand,false,false,true,true,true,34.4140,-119.8450,"Two sand volleyball courts at UC Santa Barbara available for drop-in play when not reserved."
Santa Cruz Main Beach Courts,santa-cruz-main-beach-courts-santa-cruz,"400 Beach St, Santa Cruz, CA 95060",norcal_sc,16,sand,true,false,true,true,true,36.9640,-122.0230,"Sixteen sand volleyball courts on Main Beach near the Santa Cruz Boardwalk hosting international tournaments."
Harbor Beach Volleyball Courts,harbor-beach-volleyball-courts-santa-cruz,"2222 E Cliff Dr, Santa Cruz, CA 95062",norcal_sc,3,sand,true,false,true,true,true,36.9610,-122.0000,"Sand volleyball courts at Harbor Beach adjacent to the Santa Cruz Harbor. Reservable five days in advance."
Sand Santa Cruz Indoor,sand-santa-cruz-indoor-santa-cruz,"1916 Capitola Rd, Santa Cruz, CA 95062",norcal_sc,2,indoor_sand,false,true,true,true,true,36.9700,-121.9960,"Indoor sand volleyball facility offering open gym sessions training and leagues year-round."
Pismo Beach Pier Courts,pismo-beach-pier-courts-pismo-beach,"Wadsworth Ave & Cypress St, Pismo Beach, CA 93449",central_slo,13,sand,true,false,true,true,true,35.1470,-120.6440,"Thirteen sand volleyball courts north of the Pismo Pier. A scenic Central Coast volleyball destination."
Avila Beach Volleyball Courts,avila-beach-volleyball-courts-avila-beach,"3950 Avila Beach Dr, Avila Beach, CA 93424",central_slo,2,sand,true,false,true,true,true,35.1790,-120.7310,"Two sand volleyball courts on the beach north of the Avila Beach Pier."
The Oasis,the-oasis-broomfield,"2400 W Midway Blvd, Broomfield, CO 80020",co_denver,10,indoor_sand,false,true,true,true,true,39.9203,-105.0651,"Premier indoor-outdoor sand volleyball facility with 7 indoor and 3 outdoor courts plus a full restaurant and bar."
The Island,the-island-aurora,"2233 S Geneva St, Aurora, CO 80247",co_denver,18,indoor_sand,false,true,true,true,true,39.6770,-104.8055,"Denver's largest sand volleyball facility with 6 indoor and 12 outdoor courts plus a full bar open year-round."
Garland Park,garland-park-denver,"6300 E Mississippi Ave, Denver, CO 80224",co_denver,4,sand,true,true,true,true,false,39.6953,-104.9000,"Public park with four sand volleyball courts popular for pick-up games and league play in southeast Denver."
Lincoln Memorial Sand Courts,lincoln-memorial-sand-courts-washington-dc,"Ohio Dr SW, Washington, DC 20024",dc_metro,11,sand,true,false,false,true,false,38.8895,-77.0502,"Eleven public sand volleyball courts along the Potomac River near the Lincoln Memorial. Reservable through Recreation.gov."
Virginia Volleyball Center,virginia-volleyball-center-sterling,"45685 Oakbrook Ct Ste 140, Sterling, VA 20166",dc_metro,1,indoor_sand,false,true,true,true,true,39.0080,-77.4280,"State-of-the-art 55000 sq ft volleyball facility with one indoor beach court among six hardwood courts."
Brenman Park Sand Courts,brenman-park-alexandria,"4800 Brenman Park Dr, Alexandria, VA 22304",dc_metro,2,sand,true,false,false,true,false,38.8070,-77.1250,"Outdoor sand volleyball courts used by Alexandria Titans Beach Volleyball Club for training May through September."
South Beach Park,south-beach-park-jacksonville-beach,"2514 S Beach Pkwy, Jacksonville Beach, FL 32250",fl_jax,3,sand,true,false,true,true,true,30.2730,-81.3960,"Public park in Jacksonville Beach featuring three sand volleyball courts with a splash pad and playground."
Oceanfront Park,oceanfront-park-jacksonville-beach,"1st St S, Jacksonville Beach, FL 32250",fl_jax,1,sand,true,false,true,true,true,30.2860,-81.3930,"A 2-acre oceanfront park between 5th and 6th Avenues South with a sand volleyball court steps from the ocean."
Jarboe Park,jarboe-park-neptune-beach,"510 Florida Blvd, Neptune Beach, FL 32266",fl_jax,2,sand,true,false,true,true,true,30.3180,-81.4020,"Community park in Neptune Beach with sand volleyball courts and a walking trail."
On Sand Sports,on-sand-sports-jacksonville,"8451 Western Way, Jacksonville, FL 32256",fl_jax,4,sand,false,true,true,true,true,30.2260,-81.5470,"Dedicated beach volleyball training facility in Jacksonville with lighted sand courts."
Game Point Events Center,game-point-events-center-orlando,"6700 Kingspointe Pkwy, Orlando, FL 32819",fl_orlando,6,sand,false,true,true,true,true,28.4590,-81.4560,"State-of-the-art 92000 sq ft facility with 6 outdoor sand volleyball courts plus 12 indoor courts."
Torch Volleyball,torch-volleyball-orlando,"2020 S Dean Rd, Orlando, FL 32825",fl_orlando,4,sand,false,true,false,true,true,28.5230,-81.2830,"Private beach volleyball training facility in East Orlando with four lighted sand courts."
Festival Park,festival-park-orlando,"2911 E Robinson St, Orlando, FL 32803",fl_orlando,2,sand,true,true,true,true,true,28.5530,-81.3490,"City of Orlando public park with two sand volleyball courts. Popular venue for Orlando Club Sport leagues."
UCF Recreation and Wellness Center,ucf-rec-center-orlando,"4000 Central Florida Blvd, Orlando, FL 32816",fl_orlando,6,sand,false,true,true,true,true,28.6020,-81.2000,"University of Central Florida campus with six sand volleyball courts open dawn to 10pm."
Fort Lauderdale Beach Park,fort-lauderdale-beach-park-fort-lauderdale,"1100 Seabreeze Blvd, Fort Lauderdale, FL 33316",fl_east,12,sand,true,true,true,true,true,26.1060,-80.1050,"Premier beach volleyball destination with 12 sand courts right along the water. Hosts AVP pros and local leagues year-round."
Lummus Park,lummus-park-miami-beach,"1130 Ocean Dr, Miami Beach, FL 33139",fl_east,18,sand,true,false,true,true,true,25.7810,-80.1300,"Iconic South Beach park stretching from 5th to 15th Street along Ocean Drive with 18 sand volleyball courts."
Haulover Beach Park,haulover-beach-park-miami,"10800 Collins Ave, Miami Beach, FL 33154",fl_east,8,sand,true,false,true,true,true,25.9020,-80.1230,"County beach park with 8 permanent sand volleyball courts and nets along the shore."
Crandon Park Beach,crandon-park-beach-key-biscayne,"6747 Crandon Blvd, Key Biscayne, FL 33149",fl_east,4,sand,true,false,true,true,true,25.6880,-80.1530,"Beautiful 800-acre barrier island park with beach volleyball courts on pristine sand."
Hollywood Beach Broadwalk,hollywood-beach-broadwalk-hollywood,"300 Connecticut St, Hollywood, FL 33019",fl_east,4,sand,true,false,true,true,true,26.0220,-80.1180,"Beach volleyball courts along the famous Hollywood Broadwalk with nearby restaurants and ocean views."
Pier 60 Park,pier-60-park-clearwater-beach,"1 Causeway Blvd, Clearwater, FL 33767",fl_west,3,sand,true,false,true,true,true,27.9780,-82.8320,"Popular Clearwater Beach spot near Pier 60 with sand volleyball nets and stunning Gulf of Mexico sunsets."
Sand Key Park,sand-key-park-clearwater,"1060 Gulf Blvd, Clearwater, FL 33767",fl_west,2,sand,true,false,true,true,true,27.9610,-82.8270,"95-acre county park on a barrier island south of Clearwater Beach with sand volleyball courts."
North Shore Park,north-shore-park-st-petersburg,"901 North Shore Dr NE, St. Petersburg, FL 33701",fl_west,6,sand,true,true,true,true,true,27.7830,-82.6250,"Downtown St. Petersburg park with 6 beach volleyball courts where players gather for pickup games nearly every evening."
Woodlawn Park,woodlawn-park-st-petersburg,"5801 22nd Ave N, St. Petersburg, FL 33710",fl_west,6,sand,true,true,true,true,true,27.7930,-82.7060,"Known for deep high-quality sand. Features 6 lighted volleyball courts hosting leagues and recreational play."
Gulfport Beach,gulfport-beach-volleyball-gulfport,"5500 Shore Blvd S, Gulfport, FL 33707",fl_west,6,sand,true,false,true,true,true,27.7390,-82.6930,"Six permanent sand volleyball courts west of the Historic Casino Ballroom on Gulfport Beach."
Piedmont Park,piedmont-park-atlanta,"1320 Monroe Dr NE, Atlanta, GA 30306",ga_atl,2,sand,true,false,true,true,false,33.7879,-84.3727,"Two public sand volleyball courts at the Active Oval in Piedmont Park. Free first-come first-served."
One Beach Volleyball,one-beach-volleyball-atlanta,"3131 Alton Rd, Atlanta, GA 30341",ga_atl,4,sand,false,true,true,true,true,33.8889,-84.2930,"Private sand volleyball facility with well-maintained courts and soft sand. Hosts leagues and open play."
Alpharetta Beach Volleyball,alpharetta-beach-alpharetta,"1720 Old Milton Pkwy, Alpharetta, GA 30009",ga_atl,2,sand,false,true,true,true,true,34.0710,-84.2941,"Two professional beach volleyball courts filled with 500 tons of white sand near downtown Alpharetta."
Rally VB at LakePoint,rally-vb-cartersville,"163 LakePoint Pkwy, Cartersville, GA 30121",ga_atl,10,sand,false,true,true,true,true,34.1891,-84.7998,"Atlanta's largest volleyball facility with 10 outdoor beach sand courts at LakePoint Sports."
Kalama Park,kalama-park-kihei,"1910 S Kihei Rd, Kihei, HI 96753",hi_maui,2,sand,true,false,true,true,true,20.7278,-156.4499,"Two beach volleyball courts at a spacious 36-acre beachfront park where evening pick-up games are a local tradition."
Kamaole Beach Park I,kamaole-i-kihei,"2400 S Kihei Rd, Kihei, HI 96753",hi_maui,1,sand,true,false,true,true,true,20.7221,-156.4481,"Public beach volleyball court on the north side of this popular Kihei beach with lifeguards and parking."
Kanaha Beach Park,kanaha-beach-kahului,"Amala Pl, Kahului, HI 96732",hi_maui,3,sand,true,false,true,true,false,20.9060,-156.4440,"Three sand volleyball courts on Maui's north shore behind Kahului Airport. Bring your own net."
Queen's Beach Waikiki,queens-beach-waikiki,"2699 Kalakaua Ave, Honolulu, HI 96815",hi_oahu,4,sand,true,false,true,true,true,21.2663,-157.8220,"Waikiki's iconic beach volleyball destination with four permanent courts fronting the Honolulu Zoo."
Ala Moana Beach Park,ala-moana-beach-honolulu,"1201 Ala Moana Blvd, Honolulu, HI 96814",hi_oahu,3,sand,true,false,true,true,true,21.2887,-157.8483,"Three sand volleyball courts at the Ewa end of Honolulu's most popular local beach park."
Kailua Beach Park,kailua-beach-kailua,"526 Kawailoa Rd, Kailua, HI 96734",hi_oahu,2,sand,true,false,true,true,false,21.3976,-157.7271,"Sand volleyball courts on Oahu's stunning windward shore known for turquoise waters. Bring your own net."
TVAC Idaho Beach,tvac-idaho-beach-meridian,"1251 E Piper Ct, Meridian, ID 83642",id_boise,4,indoor_sand,false,true,true,true,true,43.6070,-116.3680,"Indoor beach volleyball facility at the Treasure Valley Athletic Center for year-round play."
Ann Morrison Park,ann-morrison-park-boise,"1000 S Americana Blvd, Boise, ID 83706",id_boise,2,sand,true,false,true,true,false,43.6020,-116.2130,"Sand volleyball courts in Boise's scenic 153-acre riverfront park. First-come first-served."
Hobble Creek Park,hobble-creek-park-boise,"6450 N Meadow Park Way, Boise, ID 83713",id_boise,1,sand,true,false,true,true,false,43.6530,-116.2870,"Community park in West Boise with a sand volleyball court alongside picnic shelters and walking paths."
North Avenue Beach,north-avenue-beach-chicago,"1600 N Lake Shore Dr, Chicago, IL 60613",il_chicago,80,sand,true,true,true,true,true,41.9117,-87.6264,"Iconic Chicago lakefront beach with over 80 sand volleyball courts. The largest beach volleyball venue in the Midwest."
Montrose Beach,montrose-beach-chicago,"4400 N Lake Shore Dr, Chicago, IL 60640",il_chicago,22,sand,true,true,true,true,true,41.9639,-87.6383,"Massive lakefront beach in Uptown with rows of sand volleyball courts along Lake Michigan."
Oak Street Beach,oak-street-beach-chicago,"1000 N Lake Shore Dr, Chicago, IL 60611",il_chicago,6,sand,true,true,true,true,true,41.9030,-87.6230,"Intimate Gold Coast beach with sand volleyball courts that has hosted AVP professional tournaments."
Downers Sand Club,downers-sand-club-downers-grove,"1211 Butterfield Rd Ste B, Downers Grove, IL 60515",il_chicago,2,indoor_sand,false,true,true,true,true,41.8322,-88.0154,"Indoor sand volleyball facility in the Chicago suburbs with 2 courts and leagues running Sunday through Thursday."
iBeach31,ibeach31-westfield,"750 E 181st St, Westfield, IN 46074",in_indy,10,sand,false,true,true,true,true,40.0582,-86.1053,"Premier beach volleyball venue near Indianapolis with 6 outdoor and 4 indoor pro-level sand courts."
Indiana Sports Park,indiana-sports-park-indianapolis,"6701 S Harding St, Indianapolis, IN 46217",in_indy,8,sand,false,true,true,true,true,39.6765,-86.1720,"Major multi-sport complex with 8 sand volleyball courts hosting leagues and tournaments."
Sahm Park,sahm-park-indianapolis,"6801 E 91st St, Indianapolis, IN 46250",in_indy,2,sand,true,false,true,true,false,39.9092,-86.0560,"Public park on the northeast side of Indianapolis with 2 free sand volleyball courts."
Volleyball Beach,volleyball-beach-kansas-city,"13105 Holmes Rd, Kansas City, MO 64145",ks_kc,14,sand,false,true,true,true,true,38.8780,-94.5740,"Kansas City's largest sand volleyball complex with 14 outdoor courts and 8 seasonal indoor courts. Features a full bar and grill."
Sandbox KC,sandbox-kc-kansas-city,"509 NW Barry Rd, Kansas City, MO 64155",ks_kc,6,sand,false,true,true,true,true,39.2520,-94.5750,"Northland entertainment complex with 6 sand volleyball courts alongside pickleball and yard games."
Berkley Riverfront Volleyball,berkley-riverfront-kansas-city,"1298 Riverfront Rd, Kansas City, MO 64106",ks_kc,6,sand,true,true,false,true,true,39.1088,-94.5656,"Six illuminated sand volleyball courts on the Kansas City riverfront near the Grand Avenue Viaduct."
Centerline Volleyball,centerline-volleyball-blue-springs,"1910 US-40, Blue Springs, MO 64014",ks_kc,11,sand,false,true,true,true,true,39.0107,-94.2671,"Large volleyball complex east of Kansas City with 11 outdoor sand courts. Hosts youth and adult leagues."
Coconut Beach Sand Volleyball Complex,coconut-beach-kenner,"100 Coconut Beach Ct, Kenner, LA 70065",la_nola,20,sand,false,true,true,true,true,30.0375,-90.2414,"The largest sand volleyball complex in the United States with 20 courts and 100000 sq ft of man-made beach. Full bar and grill on site."
White Sands Volleyball Courts,white-sands-elmwood,"1001 N Al Davis Rd, Elmwood, LA 70123",la_nola,6,sand,false,true,true,true,true,29.9573,-90.1886,"Premier outdoor beach volleyball complex with 6 courts of white sand and adjoining bar and grill."
UNO Privateer Beach,uno-privateer-beach-new-orleans,"6801 Franklin Ave, New Orleans, LA 70122",la_nola,5,sand,false,false,true,true,true,30.0274,-90.0268,"University of New Orleans beach volleyball facility with five permanent sand courts."
Carson Beach,carson-beach-boston,"100 William J Day Blvd, Boston, MA 02127",ne_bos,4,sand,true,false,true,true,false,42.3291,-71.0390,"Public beach volleyball courts on South Boston's waterfront near Joe Moakley Park."
Castle Island,castle-island-boston,"2010 William J Day Blvd, Boston, MA 02127",ne_bos,2,sand,true,false,true,true,false,42.3380,-71.0130,"Sand volleyball courts near Fort Independence at Castle Island with scenic harbor views."
Beach House Boston,beach-house-natick,"18 Tech Circle, Natick, MA 01760",ne_bos,4,indoor_sand,false,true,true,true,true,42.2835,-71.3784,"New England's premier indoor beach volleyball facility with 15000 sq ft of heated sand."
Joust Beach Volleyball,joust-beach-volleyball-norwood,"661 Pleasant St, Norwood, MA 02062",ne_bos,4,indoor_sand,false,true,true,true,true,42.1780,-71.1920,"Indoor and outdoor sand volleyball facility with two indoor and two outdoor courts. Hosts leagues and tournaments year-round."
Easton's Beach,eastons-beach-newport,"175 Memorial Blvd, Newport, RI 02840",ne_ri,3,sand,true,false,true,true,false,41.4877,-71.2918,"Sand volleyball courts at Newport's most popular beach at the start of the Cliff Walk."
Narragansett Town Beach,narragansett-town-beach-narragansett,"39 Boston Neck Rd, Narragansett, RI 02882",ne_ri,3,sand,true,false,true,true,false,41.4305,-71.4535,"Sand volleyball courts on this classic half-mile New England beach in the center of town."
Mulligan's Island,mulligans-island-cranston,"1000 New London Ave, Cranston, RI 02920",ne_ri,2,sand,false,false,true,true,true,41.7430,-71.4820,"Two sand volleyball courts at this golf and entertainment complex. Hosts adult and youth leagues."
Valade Park Volleyball,valade-park-detroit,"2670 Atwater St, Detroit, MI 48207",mi_detroit,4,sand,true,true,true,true,true,42.3430,-82.9710,"Sand volleyball courts on the Detroit Riverfront at Valade Park with Come Play Detroit leagues."
On the Dunes,on-the-dunes-commerce-township,"2055 Haggerty Rd, Commerce Township, MI 48390",mi_detroit,10,sand,false,true,true,true,true,42.5850,-83.4930,"Premier outdoor sand volleyball complex with 10 regulation illuminated courts using imported Michigan Sand Dunes sand."
Belle Isle Sand Volleyball,belle-isle-detroit,"99 Pleasure Dr, Detroit, MI 48207",mi_detroit,2,sand,true,false,true,true,false,42.3460,-82.9670,"Public sand volleyball courts on historic Belle Isle island park in the Detroit River."
The Score,the-score-grand-rapids,"5301 Northland Dr NE, Grand Rapids, MI 49525",mi_gr,3,sand,false,true,true,true,true,43.0225,-85.6130,"Popular sports bar and beach volleyball complex with 3 sand courts and lit play. Runs 8 adult leagues six days a week."
Grand Haven State Park Volleyball,grand-haven-state-park-grand-haven,"1001 S Harbor Dr, Grand Haven, MI 49417",mi_gr,18,sand,true,false,true,true,false,43.0515,-86.2540,"Massive beach volleyball park at Grand Haven State Park on Lake Michigan with 18 permanent sand courts."
MSA Fieldhouse,msa-fieldhouse-grand-rapids,"5435 28th Street Ct SE, Grand Rapids, MI 49546",mi_gr,3,indoor_sand,false,true,true,true,true,42.9340,-85.5680,"Air-conditioned indoor sports facility with 3 indoor sand volleyball courts for year-round play."
Bde Maka Ska Volleyball Courts,bde-maka-ska-minneapolis,"3150 W Bde Maka Ska Pkwy, Minneapolis, MN 55416",mn_minn,4,sand,true,false,true,true,false,44.9470,-93.3150,"Sand volleyball courts on the shores of Bde Maka Ska lake near Thomas Beach in Linden Hills."
Theodore Wirth Park Volleyball,theodore-wirth-park-minneapolis,"3200 Glenwood Ave, Minneapolis, MN 55405",mn_minn,4,sand,true,true,true,true,false,44.9850,-93.3240,"Four well-maintained sand volleyball courts at Wirth Lake Beach with lighting for evening play."
Mama G's,mama-gs-maple-grove,"9705 County Rd 101, Maple Grove, MN 55311",mn_minn,6,sand,false,true,true,true,true,45.0770,-93.4780,"Largest beach sand volleyball facility in the Twin Cities with six courts and two-foot deep soft sand."
Spikes N Strikes,spikes-n-strikes-minneapolis,"2520 26th Ave S, Minneapolis, MN 55406",mn_minn,2,sand,false,true,true,true,true,44.9540,-93.2310,"Outdoor sand volleyball complex at Memory Lanes with 2 courts and leagues four nights a week."
STL Sandbar,stl-sandbar-ballwin,"2851 Barrett Station Rd, Ballwin, MO 63021",mo_stlouis,6,sand,false,true,true,true,true,38.5840,-90.5460,"Five-acre white sand volleyball complex in West County with 6 courts and a full tiki bar."
Steinberg Sand Volleyball,steinberg-sand-volleyball-st-louis,"400 Jefferson Dr, St. Louis, MO 63110",mo_stlouis,2,sand,false,true,true,true,true,38.6310,-90.2850,"Two regulation lighted sand volleyball courts at Steinberg in Forest Park."
Sunset Hills Athletic Complex,sunset-hills-athletic-complex-sunset-hills,"13555 W Watson Rd, Sunset Hills, MO 63127",mo_stlouis,3,sand,false,true,true,true,true,38.5370,-90.4070,"Three outdoor white sand volleyball courts at the city athletic complex with leagues from May through October."
SportsLink Sandbox at VBGB,sportslink-sandbox-charlotte,"920 Hamilton St, Charlotte, NC 28206",nc_clt,5,sand,false,true,true,true,true,35.2344,-80.8382,"Five sand volleyball courts adjacent to VBGB Beer Hall and Garden. SportsLink operates leagues and court rentals."
Renaissance Park,renaissance-park-charlotte,"1200 W Tyvola Rd, Charlotte, NC 28217",nc_clt,9,sand,true,true,true,true,false,35.1878,-80.8754,"Nine sand volleyball courts with lighted courts available for evening games."
Mako Beach Volleyball Club,mako-beach-mooresville,"435 Mazeppa Rd, Mooresville, NC 28115",nc_clt,4,sand,false,true,true,true,true,35.5621,-80.8360,"Four professional-quality white sand courts in the Lake Norman area with coed beer leagues and court rentals."
Wrightsville Beach Park,wrightsville-beach-park-wrightsville-beach,"321 Causeway Dr, Wrightsville Beach, NC 28480",nc_wilm,3,sand,true,false,true,true,true,34.2090,-77.7960,"Public park with three sand volleyball pits along the Wrightsville Beach Fitness Loop."
Dig and Dive,dig-and-dive-wilmington,"3525 Lancelot Ln, Wilmington, NC 28403",nc_wilm,8,sand,false,true,true,true,true,34.2140,-77.8970,"Sports bar and grill with eight outdoor sand volleyball courts open year-round seven days a week."
Captn Bills Backyard Grill,captn-bills-backyard-grill-wilmington,"4240 Market St, Wilmington, NC 28403",nc_wilm,12,sand,false,true,true,true,true,34.2350,-77.8730,"The East Coast's premier sand volleyball facility since 1992 with 12 lit sand courts and on-site brewery."
Mike Chappell Park,mike-chappell-park-carolina-beach,"501 S Dow Rd, Carolina Beach, NC 28428",nc_wilm,2,sand,true,false,true,true,true,34.0310,-77.9080,"Ten-acre public park in Carolina Beach with two sand volleyball courts."
Wilmington Beach Academy,wilmington-beach-academy-leland,"9892 Wayne St, Leland, NC 28451",nc_wilm,2,sand,false,true,true,true,true,34.2050,-78.0290,"Private beach volleyball training facility with two sand courts offering lessons and court rentals."
O'Leaver's Sand Volleyball,oleavers-sand-volleyball-omaha,"1322 S Saddle Creek Rd, Omaha, NE 68106",ne_omaha,5,sand,false,true,true,true,true,41.2480,-95.9730,"Midtown Omaha's only multi-court sand volleyball complex with 5 courts and pro nets."
Winchester Sand Volleyball,winchester-sand-volleyball-omaha,"7002 Q St, Omaha, NE 68117",ne_omaha,5,sand,false,true,true,true,true,41.2080,-95.9570,"Multi-court sand volleyball complex in the Ralston area with 5 courts using the softest masonry sand available."
Sinnott's Sand Bar,sinnotts-sand-bar-papillion,"204 E Lincoln St, Papillion, NE 68046",ne_omaha,6,sand,false,true,true,true,true,41.1540,-96.0430,"Family-owned sand volleyball bar in Papillion with 6 courts and three fire pits."
Barrett's Barleycorn,barretts-barleycorn-omaha,"4322 Leavenworth St, Omaha, NE 68105",ne_omaha,1,sand,false,true,true,true,true,41.2530,-95.9630,"Classic Omaha pub with an outdoor sand volleyball court for league play and pickup games."
Point Pleasant Beach Volleyball,point-pleasant-beach-volleyball-point-pleasant,"1 Broadway, Point Pleasant Beach, NJ 08742",nj_shore,4,sand,true,false,true,true,false,40.0831,-74.0685,"Beach volleyball courts on the Point Pleasant boardwalk. Home to summer coed leagues June through August."
Great American Center,great-american-center-aberdeen,"17 Blair Rd, Aberdeen, NJ 07747",nj_shore,6,indoor_sand,false,true,true,true,true,40.4175,-74.2260,"New Jersey's first indoor beach volleyball facility with six sand courts and a full bar."
Stoneface Courts,stoneface-courts-albuquerque,"8201 San Pedro Dr NE, Albuquerque, NM 87113",nm_abq,10,sand,false,true,true,true,true,35.1560,-106.5700,"Albuquerque's premier 10-court sand volleyball facility hosting leagues and the Sandia Classic Doubles Tournament."
Duke City Beaches,duke-city-beaches-albuquerque,"10508 Menaul Blvd NE, Albuquerque, NM 87112",nm_abq,4,sand,false,true,true,true,true,35.1100,-106.5360,"Restaurant and winery venue with sand volleyball courts and sand soccer offering leagues and NM craft beers."
Sunset Park Sand Courts,sunset-park-las-vegas,"2601 E Sunset Rd, Las Vegas, NV 89120",nv_vegas,7,sand,false,true,true,true,false,36.0710,-115.1180,"Seven sand volleyball courts at a major Clark County park. Drop-in reservations at $12 per hour per court."
Las Vegas Beach Volleyball,lv-beach-volleyball-las-vegas,"8465 W Sahara Ave Suite 111, Las Vegas, NV 89117",nv_vegas,4,indoor_sand,false,true,true,true,true,36.1445,-115.2640,"Indoor sand volleyball club offering year-round training programs and court rentals on the west side."
Desert Breeze Park,desert-breeze-park-las-vegas,"8275 Spring Mountain Rd, Las Vegas, NV 89147",nv_vegas,2,sand,true,true,true,true,false,36.1268,-115.2430,"Large 119-acre Clark County regional park with sand volleyball courts among extensive amenities."
Polish Community Center,polish-community-center-albany,"225 Washington Ave Ext, Albany, NY 12205",ny_capital,3,sand,false,false,true,true,true,42.6870,-73.8100,"Outdoor sand volleyball courts hosting leagues since 1977. Competitive 4s on Mondays and recreational 6s on Tuesdays."
Grafton Lakes State Park,grafton-lakes-state-park-grafton,"100 Grafton Lakes State Park Way, Grafton, NY 12082",ny_capital,3,sand,true,false,true,true,false,42.7580,-73.4390,"Sand volleyball courts on the Long Pond beach at this 2545-acre state park near Albany."
Jones Beach Volleyball Courts,jones-beach-wantagh,"1 Ocean Pkwy, Wantagh, NY 11793",ny_li,6,sand,true,false,true,true,false,40.5963,-73.5082,"Sand volleyball courts near the Boardwalk Cafe at Jones Beach State Park. Hosts summer leagues and tournaments."
Long Beach Volleyball Courts,long-beach-volleyball-long-beach,"Laurelton Blvd Beach, Long Beach, NY 11561",ny_li,6,sand,true,false,true,true,false,40.5883,-73.6572,"Beach volleyball courts on the oceanfront. Home to East End Volleyball summer leagues since 1990."
North Beach LI,north-beach-li-mount-sinai,"269 NY-25A, Mount Sinai, NY 11766",ny_li,8,indoor_sand,false,true,true,true,true,40.9468,-73.0290,"The country's largest indoor sand volleyball facility with 8 courts plus a full bar and dart courts."
Endless Summer Volleyball,endless-summer-volleyball-oceanside,"3580 Oceanside Rd, Oceanside, NY 11572",ny_li,2,indoor_sand,false,true,true,true,true,40.6375,-73.6370,"Long Island's first indoor beach volleyball facility with two deep sand courts. Full bar and grill."
Pier 25,pier-25-new-york,"Hudson River Park, Pier 25, New York, NY 10013",ny_nyc,3,sand,false,true,true,false,true,40.7205,-74.0119,"Popular sand volleyball courts on the Hudson River waterfront in Tribeca. Pier 25 is one of NYC's premier volleyball destinations with league play and open courts."
Riverside Park (104th St),riverside-park-104th-st,"Riverside Park, W 104th St, New York, NY 10025",ny_nyc,2,sand,true,false,true,false,false,40.7998,-73.9695,"Sand courts in the Upper West Side section of Riverside Park. Great views of the Hudson River. Free to play, bring your own net."
Central Park Volleyball Courts,central-park-volleyball-courts,"Central Park, New York, NY 10024",ny_nyc,1,sand,true,false,true,false,false,40.7709,-73.9734,"Sand volleyball courts in Central Park, near the Great Lawn. Free and open to the public on a first-come, first-served basis."
Pier 6 (Brooklyn Bridge Park),pier-6-brooklyn-bridge-park,"Brooklyn Bridge Park, Pier 6, Brooklyn, NY 11201",ny_nyc,3,sand,true,false,true,false,true,40.6906,-73.9981,"Three sand volleyball courts at Pier 6 in Brooklyn Bridge Park with stunning Manhattan skyline views. Free and open to the public."
Domino Park,domino-park-brooklyn,"Domino Park, River St, Brooklyn, NY 11249",ny_nyc,1,sand,true,false,true,false,false,40.7139,-73.9680,"Small sand court at Domino Park along the Williamsburg waterfront. Great for casual games with East River views."
Rockaway Beach (73rd St),rockaway-beach-73rd-st,"Beach 73rd St, Rockaway Beach, NY 11692",ny_nyc,2,sand,true,false,true,false,false,40.5905,-73.7984,"Beach volleyball on the actual beach at Rockaway. The sand is real ocean beach sand. Best during summer months."
QBK Sports,qbk-sports-queens,"41-20 39th St, Long Island City, NY 11104",ny_nyc,3,indoor_sand,false,true,true,true,true,40.7471,-73.9256,"Indoor sand volleyball facility in Long Island City. Year-round play with leagues, clinics, and open gym. Paid facility."
Hunter's Point South Park,hunters-point-south-park,"Center Blvd, Long Island City, NY 11101",ny_nyc,2,sand,true,false,true,false,true,40.7418,-73.9608,"Sand volleyball courts in Hunter's Point South Park with views of the East River and Midtown Manhattan skyline."
Riverside Park South,riverside-park-south,"Riverside Park South, W 66th St, New York, NY 10069",ny_nyc,2,sand,true,false,true,false,false,40.7768,-73.9904,"Sand volleyball courts in Riverside Park South near W 65th-68th Streets. Bring your own net and equipment. First-come, first-served with Hudson River views."
Brighton Beach,brighton-beach-brooklyn,"Brighton Beach, Riegelmann Boardwalk, Brooklyn, NY 11235",ny_nyc,3,sand,true,false,true,false,false,40.5748,-73.9631,"Informal beach volleyball along the Riegelmann Boardwalk in Little Odessa. Brighton Beach has a vibrant volleyball community with competitive pickup games all summer. Bring your own net. Wide sandy beach with ocean breezes and easy B/Q subway access."
Hot Shots Indoor Beach Volleyball,hot-shots-rochester,"1046 University Ave, Rochester, NY 14607",ny_western,4,indoor_sand,false,true,true,true,true,43.1460,-77.5920,"Rochester's only indoor sand volleyball facility open year-round with a full bar and restaurant."
KAV Volleyball and Events,kav-volleyball-buffalo,"4090 Jeffrey Blvd, Buffalo, NY 14219",ny_western,3,indoor_sand,false,true,true,true,true,42.8490,-78.8230,"Indoor sand volleyball facility in Buffalo with three courts and a social hall."
Wilkeson Pointe,wilkeson-pointe-buffalo,"225 Fuhrmann Blvd, Buffalo, NY 14203",ny_western,4,sand,true,false,true,true,false,42.8640,-78.8750,"Sand volleyball courts on Buffalo's scenic Outer Harbor along Lake Erie."
G&T SportsPark,gt-sportspark-hilton,"373 North Greece Rd, Hilton, NY 14468",ny_western,2,sand,false,false,true,true,true,43.2870,-77.7860,"Outdoor sand volleyball complex northwest of Rochester hosting adult coed leagues."
Grand Sands Volleyball,grand-sands-loveland,"10750 Loveland-Madeira Rd, Loveland, OH 45140",oh_cincy,14,sand,false,true,true,true,true,39.1920,-84.2830,"Cincinnati's premier year-round sand volleyball facility with 7 indoor and 7 outdoor courts plus a bar and restaurant."
Cincinnati Sand Volleyball,cincinnati-sand-milford,"837 US-50, Milford, OH 45150",oh_cincy,7,sand,false,true,true,true,true,39.1740,-84.2760,"Seven professional outdoor sand courts along the scenic Little Miami River open April through September."
Setters Beach Volleyball,setters-beach-volleyball-cincinnati,"4005 Hopper Hill Rd, Cincinnati, OH 45255",oh_cincy,9,sand,false,true,true,true,true,39.0680,-84.3030,"Largest indoor and outdoor beach volleyball facility in the Cincinnati region with 5 indoor and 4 outdoor sand courts."
Edgewater Beach,edgewater-beach-cleveland,"6500 Cleveland Memorial Shoreway, Cleveland, OH 44102",oh_cle,4,sand,true,false,true,true,false,41.4900,-81.7350,"Public sand volleyball courts on the 2400-foot Lake Erie shoreline at Edgewater Park near downtown Cleveland."
Whiskey Island Volleyball,whiskey-island-cleveland,"2800 Whiskey Island Dr, Cleveland, OH 44102",oh_cle,4,sand,true,false,true,true,false,41.4940,-81.7180,"Sand volleyball courts at Wendy Park on Whiskey Island at the mouth of the Cuyahoga River."
NEO Sports Plant,neo-sports-plant-cleveland,"20001 Euclid Ave, Euclid, OH 44117",oh_cle,4,indoor_sand,false,true,true,true,true,41.5880,-81.5260,"Cleveland's only indoor sand volleyball facility with 4 sand courts plus an onsite sports bar."
SandBox Volleyball Club,sandbox-volleyball-club-broadview-heights,"1 Eagle Valley Ct, Broadview Heights, OH 44147",oh_cle,4,sand,false,true,true,true,true,41.3200,-81.6810,"Premier outdoor sand volleyball club in Northeast Ohio. Hosts competitive and recreational leagues."
Woodlands Backyard,woodlands-backyard-columbus,"668 Grandview Ave, Columbus, OH 43215",oh_cbus,8,sand,false,true,true,true,true,39.9800,-83.0470,"Year-round sand volleyball venue with 8 outdoor courts and 5 indoor dome-covered courts for winter play."
The VolleyPark,the-volleypark-columbus,"5501 Sandalwood Blvd, Columbus, OH 43229",oh_cbus,5,sand,false,true,true,true,true,40.0787,-82.9817,"Columbus's premier sand volleyball facility with 5 premium sand courts on the north side."
Flannagan's Dublin,flannagans-dublin-columbus,"6835 Caine Rd, Columbus, OH 43235",oh_cbus,16,sand,false,true,true,true,true,40.1080,-83.1270,"Massive sand volleyball complex in Dublin with 10 outdoor and 6 indoor sand courts plus a sports bar."
Oasis Beach,oasis-beach-lewis-center,"459 Orange Point Dr, Lewis Center, OH 43035",oh_cbus,4,indoor_sand,false,true,true,true,true,40.1770,-82.9910,"Year-round indoor sand volleyball with 4 full-sized courts. Offers leagues for all levels."
Boombox Beach Club Indoor,boombox-beach-club-oklahoma-city,"2200 NE 63rd St, Oklahoma City, OK 73111",ok_okc,8,indoor_sand,false,true,true,true,true,35.5090,-97.4822,"Oklahoma's premier purpose-built indoor beach volleyball facility with 8 climate-controlled indoor sand courts."
Pearl Beach Brew Pub Hefner,pearl-beach-brew-pub-oklahoma-city,"3330 NW 112th Terrace, Oklahoma City, OK 73120",ok_okc,6,sand,false,true,true,true,true,35.5946,-97.5593,"Six lighted premium sand volleyball courts at a brew pub near Lake Hefner. Home of OSSO leagues."
Wiley Post Park,wiley-post-park-oklahoma-city,"2021 S Robinson Ave, Oklahoma City, OK 73109",ok_okc,1,sand,true,false,true,true,false,35.4453,-97.5166,"Public park sand volleyball court with open fields and playground. Bring your own net and ball."
Boombox Beach Club Outdoor,boombox-outdoor-oklahoma-city,"2200 NE 63rd St, Oklahoma City, OK 73111",ok_okc,6,sand,false,true,true,true,true,35.5090,-97.4822,"Six outdoor sand courts complementing Boombox's indoor facility. Hosts leagues and AVP events."
Delta Park Sand Courts,delta-park-portland,"10850 N Denver Ave, Portland, OR 97217",pnw_pdx,6,sand,true,true,true,true,false,45.5930,-122.6870,"Six beach sand volleyball courts at East Delta Park's Owens Sports Complex with high-quality sand."
Woks Up Beach Volleyball,woks-up-portland,"17527 SE Stark St, Portland, OR 97233",pnw_pdx,4,sand,false,true,true,true,true,45.5190,-122.4870,"Four lighted outdoor sand volleyball courts with leagues tournaments and lessons plus a bar and restaurant."
Eastmoreland Sports Club,eastmoreland-courts-portland,"3015 SE Berkeley Pl, Portland, OR 97202",pnw_pdx,4,sand,false,true,true,true,true,45.4690,-122.6380,"Portland's premiere sand volleyball facility with outdoor sand courts at a full-service sports club."
Heyday Athletic Sand Courts,heyday-athletic-philadelphia,"1325 N Beach St, Philadelphia, PA 19125",pa_philly,4,sand,false,false,false,true,true,39.9740,-75.1350,"Outdoor sand volleyball courts in Fishtown operated by Heyday Athletic for adult leagues."
Buckley Green Drexel,buckley-green-drexel-philadelphia,"33rd and Arch St, Philadelphia, PA 19104",pa_philly,2,sand,true,true,true,false,false,39.9570,-75.1900,"Two lighted beach volleyball courts on Drexel University's campus with day and night play."
Highland Park Sand Courts,highland-park-pittsburgh,"151 Lake Dr, Pittsburgh, PA 15206",pa_pitt,3,sand,true,false,true,true,false,40.4830,-79.9220,"Sand volleyball courts in scenic Highland Park. Home to Pittsburgh Sports League sand volleyball."
Simmons Park,simmons-park-bethel-park,"1200 Clifton Rd, Bethel Park, PA 15102",pa_pitt,1,sand,true,true,true,true,false,40.3310,-80.0180,"Lighted sand volleyball court with beautiful white sand and a professional net in the South Hills."
Blueberry Hill Park,blueberry-hill-park-franklin-park,"2344 W Ingomar Rd, Pittsburgh, PA 15237",pa_pitt,2,sand,true,false,true,true,false,40.5830,-80.0870,"Two sand volleyball courts in Franklin Park Borough's premier 87-acre community park."
Charleston Beach Volleyball & Social Club,charleston-beach-vb-mount-pleasant,"1460 Ben Sawyer Blvd, Mount Pleasant, SC 29464",sc_charleston,5,sand,false,true,true,true,true,32.7913,-79.8625,"Five fully lit sand courts offering adult leagues pickup games and tournaments for all skill levels."
Isle of Palms County Park,isle-of-palms-county-park-isle-of-palms,"1 14th Ave, Isle of Palms, SC 29451",sc_charleston,1,sand,false,false,true,true,false,32.7878,-79.7714,"Sand volleyball court at the beachfront county park with picnic areas and ocean access."
Folly Beach County Park,folly-beach-county-park-folly-beach,"1100 W Ashley Ave, Folly Beach, SC 29439",sc_charleston,1,sand,false,false,true,true,false,32.6465,-79.9572,"Beachfront sand volleyball at Folly Beach County Park with restrooms and outdoor showers."
Creekside Tennis & Swim Club,creekside-tennis-swim-mount-pleasant,"790 Creekside Dr, Mount Pleasant, SC 29464",sc_charleston,2,sand,false,false,true,true,true,32.8125,-79.8530,"Private club in Mount Pleasant with sand volleyball courts alongside tennis and swim facilities."
Centennial Park,centennial-park-nashville,"2500 West End Ave, Nashville, TN 37203",tn_nash,2,sand,true,false,true,true,false,36.1497,-86.8137,"Two outdoor sand volleyball courts in Nashville's iconic Centennial Park. Free to the public."
SandBar at oneC1TY,sandbar-nashville,"3 City Ave Suite 500, Nashville, TN 37209",tn_nash,2,sand,false,true,true,true,true,36.1548,-86.8268,"Two sand volleyball courts at the oneC1TY development with a bar and hourly court rentals."
Vollis Beach,vollis-beach-nashville,"4770 Lebanon Pike, Nashville, TN 37076",tn_nash,3,sand,false,true,true,true,true,36.1567,-86.6140,"Three sand volleyball court facility offering coed 6v6 4v4 and doubles leagues."
Frankie Pierce Park,frankie-pierce-park-nashville,"130 LifeWay Plz, Nashville, TN 37203",tn_nash,1,sand,true,false,true,true,false,36.1530,-86.7760,"Public sand volleyball court in a 2.5-acre downtown park. Free and open to the public."
Hyden Beach,hyden-beach-spring-hill,"5191 Joe Peay Rd, Spring Hill, TN 37174",tn_nash,6,sand,false,true,true,true,true,35.7340,-86.9047,"Six outdoor beach courts founded by Olympic volleyball player John Hyden. Hosts AVPAmerica tournaments."
Zilker Park Sand Volleyball Courts,zilker-park-austin,"2200 Stratford Dr, Austin, TX 78746",tx_austin,5,sand,true,false,true,true,false,30.2669,-97.7731,"Free public sand volleyball courts in Zilker Park near Barton Springs. First-come first-served."
ATX Beach,atx-beach-austin,"11000 Middle Fiskville Rd, Austin, TX 78753",tx_austin,8,sand,false,true,true,true,true,30.3384,-97.7003,"The largest sand volleyball venue in Austin with eight professional-grade courts and lighted night play."
Austin Sports Center Sand Complex,austin-sports-center-sand-leander,"12516 RR 620 N, Leander, TX 78641",tx_austin,4,sand,false,true,true,true,true,30.5680,-97.8360,"Outdoor sand complex with a 17900 sq ft sand pit and four competition courts."
Woolys Beach ATX,woolys-beach-austin,"514 E St Elmo Rd, Austin, TX 78745",tx_austin,2,sand,false,true,true,true,true,30.2206,-97.7712,"Deep white sand courts at The Yard off South Congress. Online booking seven days a week."
Moontower Saloon,moontower-saloon-austin,"10212 Manchaca Rd, Austin, TX 78748",tx_austin,3,sand,false,true,true,true,true,30.1730,-97.8106,"South Austin saloon on 11 acres with three professional-grade sand courts and shaded viewing gallery."
Aussies Grill and Beach Bar,aussies-grill-austin,"306 Barton Springs Rd, Austin, TX 78704",tx_austin,2,sand,false,true,true,false,true,30.2620,-97.7520,"Bar and grill on Barton Springs Road with two sand volleyball courts and year-round league play."
The Sports Garden,sports-garden-coppell,"1850 E Belt Line Rd, Coppell, TX 75019",tx_dallas,24,sand,false,true,true,true,true,32.9450,-96.9782,"Massive DFW sand volleyball complex with over 24 courts and a full restaurant and bar."
Sandy Pickle,sandy-pickle-dallas,"5683 Village Glen Dr, Dallas, TX 75206",tx_dallas,6,sand,false,true,true,true,true,32.8570,-96.7700,"Sand volleyball and pickleball venue in The Village with six sand courts. Courts rent for $30-$40/hour."
Bryan Street Tavern,bryan-street-tavern-dallas,"4315 Bryan St, Dallas, TX 75204",tx_dallas,2,sand,false,true,true,true,true,32.7900,-96.7670,"Popular East Dallas sports bar with sand volleyball courts and weekly league nights."
MADSAND Volleyball,madsand-volleyball-plano,"2517 Summit Ave, Plano, TX 75074",tx_dallas,4,sand,false,true,true,true,true,33.0290,-96.7280,"Year-round outdoor beach volleyball program with four sand courts. Training and adult leagues."
The Beach at Craig Ranch,the-beach-at-craig-ranch-mckinney,"6145 Alma Rd, McKinney, TX 75070",tx_dallas,12,sand,false,true,true,true,true,33.1680,-96.6670,"Premier 90000 sq ft outdoor sand complex with 12 courts for volleyball and beach tennis."
Kiest Park,kiest-park-dallas,"3080 S Hampton Rd, Dallas, TX 75224",tx_dallas,2,sand,true,false,true,true,false,32.7080,-96.8530,"Free public sand volleyball courts in a large 263-acre Dallas metro park."
Third Coast Volleyball,third-coast-volleyball-houston,"5652 Forney Dr, Houston, TX 77036",tx_houston,12,sand,false,true,true,true,true,29.7010,-95.5370,"Houston's premier beach volleyball facility since 1987 with twelve lighted outdoor sand courts."
Sideout VolleyBar,sideout-volleybar-houston,"2623 Keene St, Houston, TX 77009",tx_houston,3,sand,false,true,true,true,true,29.7930,-95.3820,"Sports bar in a restored 1920s bungalow with three professional illuminated sand courts in the Heights."
The Decoy,the-decoy-houston,"1222 Witte Rd Bldg B Ste 200, Houston, TX 77055",tx_houston,3,sand,false,true,true,true,true,29.7890,-95.4840,"Outdoor social venue with three world-class sand volleyball courts plus yard games."
HTX Sports Creek,htx-sports-creek-houston,"2619 Polk St, Houston, TX 77003",tx_houston,3,sand,false,true,true,false,true,29.7480,-95.3520,"East Downtown sand volleyball venue with three professional courts and a bar."
East Beach Galveston,east-beach-galveston,"1923 Boddeker Dr, Galveston, TX 77550",tx_houston,30,sand,false,false,true,true,false,29.3340,-94.7470,"The largest permanent beach volleyball installation on the Gulf Coast with 30 courts."
Stewart Beach Galveston,stewart-beach-galveston,"201 Seawall Blvd, Galveston, TX 77550",tx_houston,4,sand,false,false,true,true,false,29.3010,-94.7760,"Family-friendly Galveston beach with sand volleyball courts along the seawall."
Chester L Davis Sportsplex,league-city-sportsplex-league-city,"1251 League City Pkwy, League City, TX 77573",tx_houston,6,sand,true,true,true,true,false,29.4950,-95.1090,"Municipal sportsplex halfway between Houston and Galveston with six lighted fenced sand courts."
Sideliners Grill,sideliners-grill-san-antonio,"15630 Henderson Pass, San Antonio, TX 78232",tx_sat,10,sand,false,true,true,true,true,29.5790,-98.5170,"San Antonio's largest sand volleyball venue with 10 outdoor courts and a sports bar."
The Dog Co Icehouse,dog-co-icehouse-san-antonio,"4302 Hyatt Pl Dr, San Antonio, TX 78230",tx_sat,2,sand,false,true,true,true,true,29.5530,-98.5670,"Dog-friendly icehouse with two bookable sand volleyball courts plus live music and food trucks."
Mainland Sports Complex,mainland-sports-complex-san-antonio,"8002 Sand Pebble, San Antonio, TX 78250",tx_sat,2,sand,false,true,true,true,true,29.5100,-98.6440,"Multi-sport complex with two full-size beach volleyball courts available for rent."
Emmitt Park,emmitt-park-san-antonio,"2477 N Loop 1604 E, San Antonio, TX 78232",tx_sat,2,sand,true,false,true,true,false,29.5950,-98.4470,"Public park with two free sand volleyball courts and playground equipment."
Woodlawn Lake Park,woodlawn-lake-park-san-antonio,"1103 Cincinnati St, San Antonio, TX 78201",tx_sat,2,sand,true,false,true,true,false,29.4670,-98.5260,"Historic 62-acre park with free sand volleyball courts near the lakeside trail."
SandBar SLC,sandbar-slc-north-salt-lake,"680 S Redwood Rd, North Salt Lake, UT 84054",ut_slc,9,indoor_sand,false,true,true,true,true,40.8480,-111.9190,"Utah's first indoor sand volleyball venue with 5 indoor and 4 outdoor courts plus a bar."
SandBar South,sandbar-south-bluffdale,"920 W 14600 S Suite 300, Bluffdale, UT 84065",ut_slc,6,indoor_sand,false,true,true,true,true,40.4890,-111.9190,"Second SandBar location with 6 indoor sand courts for leagues and open play."
Liberty Park Sand Courts,liberty-park-salt-lake-city,"600 Harvey Milk Blvd, Salt Lake City, UT 84105",ut_slc,2,sand,true,true,true,true,false,40.7470,-111.8720,"Lighted sand volleyball courts in Salt Lake City's beloved 80-acre Liberty Park."
Oceanfront 19th Street,oceanfront-19th-street-virginia-beach,"19th St & Oceanfront, Virginia Beach, VA 23451",va_beach,2,sand,true,false,false,true,false,36.8529,-75.9716,"Free public sand volleyball courts on the Virginia Beach oceanfront at 19th Street."
Oceanfront 33rd Street,oceanfront-33rd-street-virginia-beach,"33rd St & Oceanfront, Virginia Beach, VA 23451",va_beach,2,sand,true,false,false,true,false,36.8622,-75.9650,"Free public sand volleyball nets at 33rd Street on the Virginia Beach boardwalk."
TVA Sand Center,tva-sand-center-virginia-beach,"2644 Dean Dr, Virginia Beach, VA 23452",va_beach,4,indoor_sand,false,true,true,true,true,36.8378,-76.0940,"The largest indoor sand volleyball facility in Virginia with four Olympic-sized indoor sand courts."
Virginia Beach Field House,virginia-beach-field-house-virginia-beach,"2020 Landstown Centre Way, Virginia Beach, VA 23456",va_beach,8,sand,false,true,true,true,true,36.7845,-76.1096,"Eight regulation outdoor sand volleyball courts at a major multi-sport facility."
Golden Gardens Park,golden-gardens-seattle,"8498 Seaview Pl NW, Seattle, WA 98117",pnw_seattle,6,sand,true,false,true,true,false,47.6920,-122.4020,"Six beachfront sand volleyball courts on Puget Sound with four reservable and two drop-in courts."
Alki Beach Park,alki-beach-seattle,"2665 Alki Ave SW, Seattle, WA 98116",pnw_seattle,8,sand,true,false,true,true,false,47.5790,-122.4100,"Eight sand volleyball courts on Seattle's iconic West Seattle beach."
Sandman's Courts,sandmans-courts-seattle,"3723 S Hudson St, Seattle, WA 98118",pnw_seattle,2,indoor_sand,false,true,true,true,true,47.5630,-122.2840,"Year-round indoor sand volleyball facility in Columbia City with two courts."
Bradford Beach,bradford-beach-milwaukee,"2400 N Lincoln Memorial Dr, Milwaukee, WI 53211",wi_mke,8,sand,true,true,true,true,true,43.0590,-87.8780,"Iconic Lake Michigan beach with sand volleyball courts and leagues six days a week May through August."
Sussex Place,sussex-place-sussex,"N64 W24576 Main St, Sussex, WI 53089",wi_mke,6,sand,false,true,true,true,true,43.1340,-88.2240,"Year-round facility west of Milwaukee with 3 indoor and 3 outdoor sand courts."
Kelly's Bleachers,kellys-bleachers-wind-lake,"7805 S Loomis Rd, Wind Lake, WI 53185",wi_mke,6,sand,false,true,true,true,true,42.8270,-88.1470,"Bar and sand volleyball venue south of Milwaukee with 3 indoor and 3 outdoor courts."
South Shore Park,south-shore-park-milwaukee,"2900 S Shore Dr, Milwaukee, WI 53207",wi_mke,2,sand,true,false,true,true,false,42.9980,-87.8890,"Public sand volleyball courts at South Shore Park in the Bay View neighborhood along Lake Michigan."
